,Celltype,Surface_Protein,Gene Names
0,Mono,CD39,ENTPD1 CD39
1,Mono,CD39,ENTPD6 CD39L2 IL6ST2
2,Mono,CD39,ENTPD2 CD39L1
3,Mono,CD39,ENTPD3 CD39L3
4,Mono,CD39,ENTPD5 CD39L4 PCPH
6,Mono,CD107a,LAMP1
7,Mono,CD62P,SELP GMRP GRMP
8,Mono,CD30,TNFRSF8 CD30 D1S166E
9,Mono,CD30,TNFSF8 CD30L CD30LG
10,Mono,CD31,PECAM1
11,Mono,CD34,CD34
12,Mono,CD35,CR1 C3BR
13,Mono,CD36,CD36 GP3B GP4
14,Mono,CD36,SCARB1 CD36L1 CLA1
15,Mono,CD36,SCARB2 CD36L2 LIMP2 LIMPII
16,Mono,CD223,LAG3 FDC
18,Mono,CD226,CD226 DNAM1
19,Mono,CD178,FASLG APT1LG1 CD95L FASL TNFSF6
20,Mono,CD319,SLAMF7 CS1 UNQ576/PRO1138
21,Mono,CD171,L1CAM CAML1 MIC5
22,Mono,Siglec-8,SIGLEC8 SAF2
23,Mono,CD340,ERBB2 HER2 MLN19 NEU NGL
25,Mono,VEGFR-3,FLT4 VEGFR3
26,Mono,CD29,ITGB1 FNRB MDF2 MSK12
27,Mono,CD62E,SELE ELAM1
29,Mono,CD25,IL2RA
30,Mono,CD24,CD24 CD24A
31,Mono,CD146,MCAM MUC18
32,Mono,Galectin-9,LGALS9C
33,Mono,Galectin-9,LGALS9
34,Mono,Galectin-9,LGALS9B
35,Mono,CD142,F3
36,Mono,CD141,THBD THRM
37,Mono,CD294,PTGDR2 CRTH2 DL1R GPR44
39,Mono,CX3CR1,CX3CR1 CMKBRL1 GPR13
41,Mono,CD303,CLEC4C BDCA2 CLECSF11 CLECSF7 DLEC HECL UNQ9361/PRO34150
42,Mono,GP130,LRPPRC LRP130
43,Mono,GP130,IL31RA CRL3 GPL UNQ6368/PRO21073/PRO21384
44,Mono,GP130,IL6ST
45,Mono,GP130,TLE5 AES GRG GRG5
46,Mono,CD253,TNFSF10 APO2L TRAIL
47,Mono,CD357,TNFRSF18 AITR GITR UNQ319/PRO364
49,Mono,CD354,TREM1
51,Mono,CLEC12A,CLEC12A CLL1 DCAL2 KLRL1 MICL
54,Mono,Folate,FOLR2
55,Mono,Folate,FOLR3
56,Mono,Folate,FOLR1 FOLR
57,Mono,Folate,SLC19A1 FLOT1 RFC1
58,Mono,Folate,IZUMO1R FOLR4 JUNO
59,Mono,Folate,SLC46A1 G21 HCP1 PCFT
60,Mono,Folate,FOLH1B PSMAL GIG26
61,Mono,Folate,FOLH1 FOLH NAALAD1 PSM PSMA GIG27
62,Mono,Folate,SLC19A4P C2orf83
64,Mono,CD209,CD209 CLEC4L
65,Mono,CD209,CLEC4M CD209L CD209L1 CD299
66,Mono,CD152,CTLA4 CD152
67,Mono,CD154,CD40LG CD40L TNFSF5 TRAP
68,Mono,CD155,PVR PVS
69,Mono,Cadherin,CDH15 CDH14 CDH3
70,Mono,Cadherin,CDH6
71,Mono,Cadherin,CDH3 CDHP
72,Mono,Cadherin,CDH12
73,Mono,Cadherin,CDH13 CDHH
74,Mono,Cadherin,CDH16 UNQ695/PRO1340
75,Mono,Cadherin,CDH10
76,Mono,Cadherin,CDH18 CDH14
77,Mono,Cadherin,CDH11
78,Mono,Cadherin,CDH2 CDHN NCAD
79,Mono,CD201,PROCR EPCR
80,Mono,CD204,MSR1 SCARA1
81,Mono,CD205,LY75 CD205 CLEC13B
82,Mono,CD206,MRC1 CLEC13D CLEC13DL MRC1L1
83,Mono,CD207,CD207 CLEC4K
84,Mono,CD1d,CD1D
85,Mono,CD284,TLR4
86,Mono,CD1c,CD1C
87,Mono,Podoplanin,PDPN GP36 PSEC0003 PSEC0025
88,Mono,CD1a,CD1A
89,Mono,CD366,HAVCR2 TIM3 TIMD3
90,Mono,IgM,JCHAIN IGCJ IGJ
91,Mono,IgM,CD5L API6 UNQ203/PRO229
92,Mono,IgM,FCMR FAIM3 TOSO
93,Mono,IgM,CD79A IGA MB1
95,Mono,CD49d,ITGA4 CD49D
96,Mono,LOX-1,ALOX15 LOG15
97,Mono,LOX-1,OLR1 CLEC8A LOX1
98,Mono,TIM-4,TIMD4 TIM4
99,Mono,CD98,SLC3A2 MDU1
100,Mono,CD98,SLC7A5 CD98LC LAT1 MPE16
101,Mono,CD370,CLEC9A UNQ9341/PRO34046
102,Mono,CD49a,ITGA1
104,Mono,C5L2,C5AR2 C5L2 GPR77
107,Mono,CD124,IL4R IL4RA 582J2.1
108,Mono,CD126,IL6R
109,Mono,CD279,PDCD1 PD1
110,Mono,CD123,IL3RA IL3R
111,Mono,CD274,CD274 B7H1 PDCD1L1 PDCD1LG1 PDL1
112,Mono,CD95,FAS APT1 FAS1 TNFRSF6
113,Mono,CD95,FASLG APT1LG1 CD95L FASL TNFSF6
114,Mono,CD271,NGFR TNFRSF16
115,Mono,CD270,TNFRSF14 HVEA HVEM UNQ329/PRO509
116,Mono,CD90,THY1
117,Mono,CD16,FCGR3B CD16B FCG3 FCGR3 IGFR3
118,Mono,CD16,FCGR3A CD16A FCG3 FCGR3 IGFR3
119,Mono,CD14,CD14
121,Mono,CD13,ANPEP APN CD13 PEPN
122,Mono,CD267,TNFRSF13B TACI
123,Mono,CD200,CD200 MOX1 MOX2 My033
124,Mono,CD200,CD200R1 CD200R CRTR2 MOX2R OX2R UNQ2522/PRO6015
125,Mono,CD200,CD200R1L CD200R2
127,Mono,CD18,ITGB2 CD18 MFI7
128,Mono,CD194,CCR4 CMKBR4
131,Mono,CD70,CD70 CD27L CD27LG TNFSF7
132,Mono,CD71,TFRC
134,Mono,CD177,CD177 NB1 PRV1 UNQ595/PRO1181
135,Mono,CD301,CLEC10A CLECSF13 CLECSF14 HML
136,Mono,CD140a,PDGFRA PDGFR2 RHEPDGFRA
137,Mono,CD140b,PDGFRB PDGFR PDGFR1
138,Mono,CD305,LAIR1 CD305
139,Mono,CD304,NRP1 NRP VEGF165R
140,Mono,CD309,KDR FLK1 VEGFR2
141,Mono,CD85g,LILRA4 ILT7
142,Mono,CD110,MPL TPOR
143,Mono,CD9,CD9 MIC3 TSPAN29 GIG2
144,Mono,CD9,PTGFRN CD9P1 EWIF FPRP KIAA1436
145,Mono,HLA-DR,ANP32B APRIL PHAPI2
146,Mono,HLA-DR,SET
147,Mono,HLA-DR,CD74 DHLAG
148,Mono,HLA-DR,ANP32A C15orf1 LANP MAPM PHAP1
149,Mono,CD137,TNFRSF9 CD137 ILA
150,Mono,CD134,TNFRSF4 TXGP1L
151,Mono,CD135,FLT3 CD135 FLK2 STK1
152,Mono,CD61,ITGB3 GP3A
153,Mono,CD192,CCR2 CMKBR2
154,Mono,CD269,TNFRSF17 BCM BCMA
155,Mono,CD80,CD80 CD28LG CD28LG1 LAB7
156,Mono,CD83,CD83
157,Mono,CD193,CCR3 CMKBR3
158,Mono,TSLPR,CRLF2 CRL2 ILXR TSLPR
159,Mono,CD86,CD86 CD28LG2
160,Mono,CCR10,CCR10 GPR2
161,Mono,CCR10,ACKR2 CCBP2 CCR10 CMKBR9 D6
162,Mono,Notch-1,NOTCH1 TAN1
163,Mono,Notch-2,NOTCH2
164,Mono,CD337,NCR3 1C7 LY117
165,Mono,CD79b,CD79B B29 IGB
168,Mono,CD79a,CD79A IGA MB1
169,Mono,CD79a,IGBP1 IBP1
170,Mono,CD49b,ITGA2 CD49B
171,Mono,CD64,FCGR1A FCG1 FCGR1 IGFR1
172,Mono,CD63,CD63 MLA1 TSPAN30
177,Mono,CD69,CD69 CLEC2C
178,Mono,CD68,CD68
180,Mono,CD186,CXCR6 BONZO STRL33 TYMSTR
181,Mono,CD185,CXCR5 BLR1 MDR15
182,Mono,CD184,CXCR4
183,Mono,CD103,ITGAE
184,Mono,CD102,ICAM2
185,Mono,CD106,VCAM1
186,Mono,CD105,ENG END
187,Mono,CD66b,CEACAM8 CGM6
188,Mono,CD252,TNFSF4 TXGP1
189,Mono,CD109,CD109 CPAMD7
191,Mono,CD158f,KIR2DL5B CD158F CD158F2 KIR2DL5 KIR2DLX
192,Mono,CD158f,KIR2DL5A CD158F CD158F1 KIR2DL5
193,Mono,CD203c,ENPP3 PDNP3
194,Mono,CD52,CD52 CDW52 HE5
195,Mono,CD195,CCR5 CMKBR5
196,Mono,CD196,CCR6 CKRL3 CMKBR6 GPR29 STRL22
198,Mono,CD54,ICAM1
199,Mono,CD55,CD55 CR DAF
200,Mono,CD99,CD99 MIC2 MIC2X MIC2Y
201,Mono,CD99,CD99L2 MIC2L1 UNQ1964/PRO4486
202,Mono,CD59,CD59 MIC11 MIN1 MIN2 MIN3 MSK21
204,Mono,CD93,CD93 C1QR1 MXRA4
205,Mono,CD244,CD244 2B4
206,Mono,CD158,KIR3DL3 CD158Z KIR3DL7 KIRC1
207,Mono,CD158,KIR2DL5B CD158F CD158F2 KIR2DL5 KIR2DLX
208,Mono,CD158,KIR2DS5 CD158G NKAT9
209,Mono,CD158,KIR2DS1 CD158H
210,Mono,CD158,KIR2DL4 CD158D KIR103AS
211,Mono,CD158,KIR2DL2 CD158B1 NKAT6
212,Mono,CD158,KIR3DL2 CD158K NKAT4
213,Mono,CD158,KIR2DS4 CD158I KKA3 NKAT8
214,Mono,CD158,KIR2DS2 CD158J NKAT5
215,Mono,CD158,KIR3DL1 CD158E NKAT3 NKB1
217,Mono,CD273,PDCD1LG2 B7DC CD273 PDCD1L2 PDL2
218,Mono,CD243,ABCB1 MDR1 PGY1
219,Mono,CD325,CDH2 CDHN NCAD
220,Mono,CD324,CDH1 CDHE UVO
221,Mono,CD307e,FCRL5 FCRH5 IRTA2 UNQ503/PRO820
222,Mono,CD172a,SIRPA BIT MFR MYD1 PTPNS1 SHPS1 SIRP
223,Mono,CD307d,FCRL4 FCRH4 IFGP2 IRTA1
224,Mono,CD42b,GP1BA
225,Mono,CD42b,GP1BB
226,Mono,CD115,CSF1R FMS
227,Mono,CD117,KIT SCFR
228,Mono,XCR1,XCR1 CCXCR1 GPR5
229,Mono,CD112,PVRIG C7orf15
230,Mono,CD112,NECTIN2 HVEB PRR2 PVRL2
231,Mono,MERTK,MERTK MER
232,Mono,B7-H4,VTCN1 B7H4 UNQ659/PRO1291
234,Mono,CLEC2,CLEC1B CLEC2 UNQ721/PRO1384
235,Mono,CD48,CD48 BCM1 BLAST1
236,Mono,CD47,CD47 MER6
237,Mono,CD46,CD46 MCP MIC10
238,Mono,CD41,ITGA2B GP2B ITGAB
239,Mono,CD40,CD40 TNFRSF5
240,Mono,CD40,CD40LG CD40L TNFSF5 TRAP
241,Mono,CD40,TRAF3 CAP-1 CRAF1 TRAFAMN
242,Mono,CD43,SPN CD43
243,Mono,CD338,ABCG2 ABCP BCRP BCRP1 MXR
244,Mono,CD235a,GYPA GPA MNS
245,Mono,CD119,IFNGR1
246,Mono,CD169,SIGLEC1 SN
247,Mono,CD163,CD163 M130
248,Mono,CD163,CD163L1 CD163B M160 UNQ6434/PRO23202
250,Mono,CD164,CD164
251,Mono,CD164,CD164L2 UNQ6122/PRO20044
253,Mono,CD144,CDH5
254,Mono,CD202b,TEK TIE2 VMCM VMCM1
255,Mono,CD11c,ITGAX CD11C
260,CD4 T,CD27,CD27 TNFRSF7
261,CD4 T,CD27,CD70 CD27L CD27LG TNFSF7
262,CD4 T,CD27,SIVA1 SIVA
264,CD4 T,CD25,IL2RA
267,CD4 T,GP130,LRPPRC LRP130
268,CD4 T,GP130,IL31RA CRL3 GPL UNQ6368/PRO21073/PRO21384
269,CD4 T,GP130,IL6ST
270,CD4 T,GP130,TLE5 AES GRG GRG5
271,CD4 T,CD209,CD209 CLEC4L
272,CD4 T,CD209,CLEC4M CD209L CD209L1 CD299
273,CD4 T,CD206,MRC1 CLEC13D CLEC13DL MRC1L1
274,CD4 T,CD127,IL7R
275,CD4 T,CD126,IL6R
276,CD4 T,CD279,PDCD1 PD1
277,CD4 T,CD278,ICOS AILIM
278,CD4 T,CD96,CD96
280,CD4 T,CD200,CD200 MOX1 MOX2 My033
281,CD4 T,CD200,CD200R1 CD200R CRTR2 MOX2R OX2R UNQ2522/PRO6015
282,CD4 T,CD200,CD200R1L CD200R2
283,CD4 T,CD2,CD2 SRBC
284,CD4 T,CD2,CD2BP2 KIAA1178
285,CD4 T,CD2,SLAMF7 CS1 UNQ576/PRO1138
286,CD4 T,CD2,CD2AP
287,CD4 T,CD2,PSTPIP1 CD2BP1
288,CD4 T,CD2,SH3KBP1 CIN85
289,CD4 T,CD2,SLAMF9 CD2F10 UNQ1938/PRO4421
290,CD4 T,CD309,KDR FLK1 VEGFR2
291,CD4 T,CD134,TNFRSF4 TXGP1L
292,CD4 T,CD81,CD81 TAPA1 TSPAN28
293,CD4 T,CD81,IGSF8 CD81P3 EWI2 KCT4
294,CD4 T,CD83,CD83
296,CD4 T,CD106,VCAM1
297,CD4 T,CD109,CD109 CPAMD7
299,CD4 T,CD52,CD52 CDW52 HE5
300,CD4 T,CD273,PDCD1LG2 B7DC CD273 PDCD1L2 PDL2
301,CD4 T,CD325,CDH2 CDHN NCAD
302,CD4 T,CD307e,FCRL5 FCRH5 IRTA2 UNQ503/PRO820
303,CD4 T,CD48,CD48 BCM1 BLAST1
305,CD4 T,CD28,CD28
306,CD4 T,CD28,TMIGD2 CD28H IGPR1 UNQ3059/PRO9879
307,CD4 T,CD144,CDH5
309,CD8 T,TIGIT,TIGIT VSIG9 VSTM3
311,CD8 T,CD27,CD27 TNFRSF7
312,CD8 T,CD27,CD70 CD27L CD27LG TNFSF7
313,CD8 T,CD27,SIVA1 SIVA
316,CD8 T,CD127,IL7R
317,CD8 T,CD278,ICOS AILIM
318,CD8 T,CD96,CD96
319,CD8 T,CD73,NT5E NT5 NTE
320,CD8 T,CD2,CD2 SRBC
321,CD8 T,CD2,CD2BP2 KIAA1178
322,CD8 T,CD2,SLAMF7 CS1 UNQ576/PRO1138
323,CD8 T,CD2,CD2AP
324,CD8 T,CD2,PSTPIP1 CD2BP1
325,CD8 T,CD2,SH3KBP1 CIN85
326,CD8 T,CD2,SLAMF9 CD2F10 UNQ1938/PRO4421
327,CD8 T,CD8,CD8B CD8B1
328,CD8 T,CD8,CD8A MAL
329,CD8 T,CD8,CD8B2 CD8BP
330,CD8 T,CD81,CD81 TAPA1 TSPAN28
331,CD8 T,CD81,IGSF8 CD81P3 EWI2 KCT4
332,CD8 T,CD314,KLRK1 D12S2489E NKG2D
334,CD8 T,CD8a,CD8A MAL
335,CD8 T,CD52,CD52 CDW52 HE5
337,CD8 T,CD28,CD28
338,CD8 T,CD28,TMIGD2 CD28H IGPR1 UNQ3059/PRO9879
339,NK,TIGIT,TIGIT VSIG9 VSTM3
341,NK,CX3CR1,CX3CR1 CMKBRL1 GPR13
346,NK,CD122,IL2RB IL15RB
347,NK,CD271,NGFR TNFRSF16
348,NK,CD16,FCGR3B CD16B FCG3 FCGR3 IGFR3
349,NK,CD16,FCGR3A CD16A FCG3 FCGR3 IGFR3
350,NK,CD337,NCR3 1C7 LY117
351,NK,CD314,KLRK1 D12S2489E NKG2D
354,NK,CD244,CD244 2B4
355,NK,CD158,KIR3DL3 CD158Z KIR3DL7 KIRC1
356,NK,CD158,KIR2DL5B CD158F CD158F2 KIR2DL5 KIR2DLX
357,NK,CD158,KIR2DS5 CD158G NKAT9
358,NK,CD158,KIR2DS1 CD158H
359,NK,CD158,KIR2DL4 CD158D KIR103AS
360,NK,CD158,KIR2DL2 CD158B1 NKAT6
361,NK,CD158,KIR3DL2 CD158K NKAT4
362,NK,CD158,KIR2DS4 CD158I KKA3 NKAT8
363,NK,CD158,KIR2DS2 CD158J NKAT5
364,NK,CD158,KIR3DL1 CD158E NKAT3 NKB1
366,NK,CD43,SPN CD43
367,NK,CD335,NCR1 LY94
368,NK,CD161,KLRB1 CLEC5B NKRP1A
369,B,CD39,ENTPD1 CD39
370,B,CD39,ENTPD6 CD39L2 IL6ST2
371,B,CD39,ENTPD2 CD39L1
372,B,CD39,ENTPD3 CD39L3
373,B,CD39,ENTPD5 CD39L4 PCPH
374,B,CD35,CR1 C3BR
375,B,CD171,L1CAM CAML1 MIC5
376,B,CD22,CD22 SIGLEC2
377,B,CD20,MS4A1 CD20
378,B,CD20,MS4A7 4SPAN2 CD20L4 CFFM4
379,B,CD20,MS4A6A 4SPAN3 CD20L3 MS4A6 CDA01 MSTP090
380,B,CD20,MS4A4A 4SPAN1 CD20L1 MS4A4 HDCME31P
381,B,CD20,MS4A3 CD20L HTM4
382,B,CD20,MS4A10 CD20L7 MS4A9
383,B,CD20,MS4A5 CD20L2 TETM4
384,B,CD25,IL2RA
385,B,CD24,CD24 CD24A
387,B,CD205,LY75 CD205 CLEC13B
388,B,CD1d,CD1D
389,B,CD1c,CD1C
391,B,IgM,JCHAIN IGCJ IGJ
392,B,IgM,CD5L API6 UNQ203/PRO229
393,B,IgM,FCMR FAIM3 TOSO
394,B,IgM,CD79A IGA MB1
396,B,CD49d,ITGA4 CD49D
397,B,CD98,SLC3A2 MDU1
398,B,CD98,SLC7A5 CD98LC LAT1 MPE16
399,B,CD124,IL4R IL4RA 582J2.1
400,B,CD270,TNFRSF14 HVEA HVEM UNQ329/PRO509
401,B,CD272,BTLA
402,B,CD267,TNFRSF13B TACI
403,B,CD200,CD200 MOX1 MOX2 My033
404,B,CD200,CD200R1 CD200R CRTR2 MOX2R OX2R UNQ2522/PRO6015
405,B,CD200,CD200R1L CD200R2
407,B,CD19,CD19
408,B,CD71,TFRC
409,B,CD72,CD72
410,B,CD73,NT5E NT5 NTE
411,B,CD177,CD177 NB1 PRV1 UNQ595/PRO1181
412,B,CD305,LAIR1 CD305
413,B,HLA-DR,ANP32B APRIL PHAPI2
414,B,HLA-DR,SET
415,B,HLA-DR,CD74 DHLAG
416,B,HLA-DR,ANP32A C15orf1 LANP MAPM PHAP1
417,B,CD268,TNFRSF13C BAFFR BR3
418,B,CD81,CD81 TAPA1 TSPAN28
419,B,CD81,IGSF8 CD81P3 EWI2 KCT4
420,B,CD80,CD80 CD28LG CD28LG1 LAB7
421,B,CD79b,CD79B B29 IGB
423,B,CD79a,CD79A IGA MB1
424,B,CD79a,IGBP1 IBP1
425,B,CD185,CXCR5 BLR1 MDR15
427,B,CD52,CD52 CDW52 HE5
428,B,CD196,CCR6 CKRL3 CMKBR6 GPR29 STRL22
429,B,CD55,CD55 CR DAF
430,B,XCR1,XCR1 CCXCR1 GPR5
431,B,CD21,CR2 C3DR
433,B,CD47,CD47 MER6
434,B,CD40,CD40 TNFRSF5
435,B,CD40,CD40LG CD40L TNFSF5 TRAP
436,B,CD40,TRAF3 CAP-1 CRAF1 TRAFAMN
437,B,CD164,CD164
438,B,CD164,CD164L2 UNQ6122/PRO20044
439,other T,TIGIT,TIGIT VSIG9 VSTM3
442,other T,CD27,CD27 TNFRSF7
443,other T,CD27,CD70 CD27L CD27LG TNFSF7
444,other T,CD27,SIVA1 SIVA
448,other T,CD127,IL7R
449,other T,CD279,PDCD1 PD1
450,other T,CD278,ICOS AILIM
451,other T,CD96,CD96
452,other T,CD271,NGFR TNFRSF16
457,other T,CD2,CD2 SRBC
458,other T,CD2,CD2BP2 KIAA1178
459,other T,CD2,SLAMF7 CS1 UNQ576/PRO1138
460,other T,CD2,CD2AP
461,other T,CD2,PSTPIP1 CD2BP1
462,other T,CD2,SH3KBP1 CIN85
463,other T,CD2,SLAMF9 CD2F10 UNQ1938/PRO4421
464,other T,CD8,CD8B CD8B1
465,other T,CD8,CD8A MAL
466,other T,CD8,CD8B2 CD8BP
467,other T,CD81,CD81 TAPA1 TSPAN28
468,other T,CD81,IGSF8 CD81P3 EWI2 KCT4
469,other T,CD314,KLRK1 D12S2489E NKG2D
470,other T,CD186,CXCR6 BONZO STRL33 TYMSTR
472,other T,CD8a,CD8A MAL
473,other T,CD195,CCR5 CMKBR5
474,other T,CD99,CD99 MIC2 MIC2X MIC2Y
475,other T,CD99,CD99L2 MIC2L1 UNQ1964/PRO4486
476,other T,CD117,KIT SCFR
478,other T,CD28,CD28
479,other T,CD28,TMIGD2 CD28H IGPR1 UNQ3059/PRO9879
480,other T,CD161,KLRB1 CLEC5B NKRP1A
482,other,CD107a,LAMP1
483,other,CD62P,SELP GMRP GRMP
484,other,CD30,TNFRSF8 CD30 D1S166E
485,other,CD30,TNFSF8 CD30L CD30LG
486,other,CD31,PECAM1
487,other,CD34,CD34
488,other,CD36,CD36 GP3B GP4
489,other,CD36,SCARB1 CD36L1 CLA1
490,other,CD36,SCARB2 CD36L2 LIMP2 LIMPII
491,other,CD223,LAG3 FDC
492,other,TIGIT,TIGIT VSIG9 VSTM3
494,other,CD226,CD226 DNAM1
495,other,CD178,FASLG APT1LG1 CD95L FASL TNFSF6
496,other,CD319,SLAMF7 CS1 UNQ576/PRO1138
497,other,CD171,L1CAM CAML1 MIC5
498,other,Siglec-8,SIGLEC8 SAF2
499,other,CD340,ERBB2 HER2 MLN19 NEU NGL
501,other,VEGFR-3,FLT4 VEGFR3
502,other,CD29,ITGB1 FNRB MDF2 MSK12
503,other,CD62E,SELE ELAM1
504,other,CD22,CD22 SIGLEC2
505,other,CD25,IL2RA
506,other,CD24,CD24 CD24A
507,other,CD146,MCAM MUC18
508,other,Galectin-9,LGALS9C
509,other,Galectin-9,LGALS9
510,other,Galectin-9,LGALS9B
511,other,CD142,F3
512,other,CD141,THBD THRM
513,other,CD294,PTGDR2 CRTH2 DL1R GPR44
515,other,CX3CR1,CX3CR1 CMKBRL1 GPR13
516,other,CD303,CLEC4C BDCA2 CLECSF11 CLECSF7 DLEC HECL UNQ9361/PRO34150
517,other,GP130,LRPPRC LRP130
518,other,GP130,IL31RA CRL3 GPL UNQ6368/PRO21073/PRO21384
519,other,GP130,IL6ST
520,other,GP130,TLE5 AES GRG GRG5
521,other,CD253,TNFSF10 APO2L TRAIL
522,other,CD357,TNFRSF18 AITR GITR UNQ319/PRO364
523,other,CD354,TREM1
524,other,Folate,FOLR2
525,other,Folate,FOLR3
526,other,Folate,FOLR1 FOLR
527,other,Folate,SLC19A1 FLOT1 RFC1
528,other,Folate,IZUMO1R FOLR4 JUNO
529,other,Folate,SLC46A1 G21 HCP1 PCFT
530,other,Folate,FOLH1B PSMAL GIG26
531,other,Folate,FOLH1 FOLH NAALAD1 PSM PSMA GIG27
532,other,Folate,SLC19A4P C2orf83
534,other,CD209,CD209 CLEC4L
535,other,CD209,CLEC4M CD209L CD209L1 CD299
536,other,CD152,CTLA4 CD152
537,other,CD154,CD40LG CD40L TNFSF5 TRAP
538,other,CD155,PVR PVS
539,other,Cadherin,CDH15 CDH14 CDH3
540,other,Cadherin,CDH6
541,other,Cadherin,CDH3 CDHP
542,other,Cadherin,CDH12
543,other,Cadherin,CDH13 CDHH
544,other,Cadherin,CDH16 UNQ695/PRO1340
545,other,Cadherin,CDH10
546,other,Cadherin,CDH18 CDH14
547,other,Cadherin,CDH11
548,other,Cadherin,CDH2 CDHN NCAD
549,other,CD201,PROCR EPCR
550,other,CD204,MSR1 SCARA1
551,other,CD205,LY75 CD205 CLEC13B
552,other,CD206,MRC1 CLEC13D CLEC13DL MRC1L1
553,other,CD207,CD207 CLEC4K
554,other,CD284,TLR4
555,other,CD1c,CD1C
556,other,Podoplanin,PDPN GP36 PSEC0003 PSEC0025
557,other,CD1a,CD1A
558,other,CD366,HAVCR2 TIM3 TIMD3
560,other,LOX-1,ALOX15 LOG15
561,other,LOX-1,OLR1 CLEC8A LOX1
562,other,TIM-4,TIMD4 TIM4
563,other,CD98,SLC3A2 MDU1
564,other,CD98,SLC7A5 CD98LC LAT1 MPE16
565,other,CD370,CLEC9A UNQ9341/PRO34046
566,other,C5L2,C5AR2 C5L2 GPR77
568,other,CD124,IL4R IL4RA 582J2.1
569,other,CD279,PDCD1 PD1
570,other,CD123,IL3RA IL3R
571,other,CD274,CD274 B7H1 PDCD1L1 PDCD1LG1 PDL1
572,other,CD271,NGFR TNFRSF16
573,other,CD270,TNFRSF14 HVEA HVEM UNQ329/PRO509
574,other,CD90,THY1
575,other,CD272,BTLA
576,other,CD16,FCGR3B CD16B FCG3 FCGR3 IGFR3
577,other,CD16,FCGR3A CD16A FCG3 FCGR3 IGFR3
579,other,CD13,ANPEP APN CD13 PEPN
580,other,CD267,TNFRSF13B TACI
581,other,CD200,CD200 MOX1 MOX2 My033
582,other,CD200,CD200R1 CD200R CRTR2 MOX2R OX2R UNQ2522/PRO6015
583,other,CD200,CD200R1L CD200R2
585,other,CD194,CCR4 CMKBR4
588,other,CD70,CD70 CD27L CD27LG TNFSF7
589,other,CD71,TFRC
591,other,CD177,CD177 NB1 PRV1 UNQ595/PRO1181
592,other,CD301,CLEC10A CLECSF13 CLECSF14 HML
593,other,CD140a,PDGFRA PDGFR2 RHEPDGFRA
594,other,CD140b,PDGFRB PDGFR PDGFR1
595,other,CD304,NRP1 NRP VEGF165R
596,other,CD309,KDR FLK1 VEGFR2
597,other,CD85g,LILRA4 ILT7
598,other,CD110,MPL TPOR
599,other,CD9,CD9 MIC3 TSPAN29 GIG2
600,other,CD9,PTGFRN CD9P1 EWIF FPRP KIAA1436
601,other,HLA-DR,ANP32B APRIL PHAPI2
602,other,HLA-DR,SET
603,other,HLA-DR,CD74 DHLAG
604,other,HLA-DR,ANP32A C15orf1 LANP MAPM PHAP1
605,other,CD137,TNFRSF9 CD137 ILA
606,other,CD134,TNFRSF4 TXGP1L
607,other,CD135,FLT3 CD135 FLK2 STK1
608,other,CD61,ITGB3 GP3A
609,other,CD192,CCR2 CMKBR2
610,other,CD268,TNFRSF13C BAFFR BR3
611,other,CD269,TNFRSF17 BCM BCMA
612,other,CD80,CD80 CD28LG CD28LG1 LAB7
613,other,CD83,CD83
614,other,CD193,CCR3 CMKBR3
615,other,TSLPR,CRLF2 CRL2 ILXR TSLPR
616,other,CD86,CD86 CD28LG2
617,other,CCR10,CCR10 GPR2
618,other,CCR10,ACKR2 CCBP2 CCR10 CMKBR9 D6
619,other,Notch-1,NOTCH1 TAN1
620,other,Notch-2,NOTCH2
621,other,CD337,NCR3 1C7 LY117
622,other,CD79b,CD79B B29 IGB
625,other,CD79a,CD79A IGA MB1
626,other,CD79a,IGBP1 IBP1
627,other,CD49b,ITGA2 CD49B
628,other,CD64,FCGR1A FCG1 FCGR1 IGFR1
629,other,CD63,CD63 MLA1 TSPAN30
632,other,CD69,CD69 CLEC2C
633,other,CD68,CD68
635,other,CD186,CXCR6 BONZO STRL33 TYMSTR
636,other,CD184,CXCR4
637,other,CD103,ITGAE
638,other,CD102,ICAM2
639,other,CD106,VCAM1
640,other,CD105,ENG END
641,other,CD66b,CEACAM8 CGM6
642,other,CD252,TNFSF4 TXGP1
645,other,CD158f,KIR2DL5B CD158F CD158F2 KIR2DL5 KIR2DLX
646,other,CD158f,KIR2DL5A CD158F CD158F1 KIR2DL5
647,other,CD203c,ENPP3 PDNP3
648,other,CD195,CCR5 CMKBR5
649,other,CD196,CCR6 CKRL3 CMKBR6 GPR29 STRL22
650,other,CD55,CD55 CR DAF
651,other,CD59,CD59 MIC11 MIN1 MIN2 MIN3 MSK21
653,other,CD244,CD244 2B4
654,other,CD158,KIR3DL3 CD158Z KIR3DL7 KIRC1
655,other,CD158,KIR2DL5B CD158F CD158F2 KIR2DL5 KIR2DLX
656,other,CD158,KIR2DS5 CD158G NKAT9
657,other,CD158,KIR2DS1 CD158H
658,other,CD158,KIR2DL4 CD158D KIR103AS
659,other,CD158,KIR2DL2 CD158B1 NKAT6
660,other,CD158,KIR3DL2 CD158K NKAT4
661,other,CD158,KIR2DS4 CD158I KKA3 NKAT8
662,other,CD158,KIR2DS2 CD158J NKAT5
663,other,CD158,KIR3DL1 CD158E NKAT3 NKB1
665,other,CD273,PDCD1LG2 B7DC CD273 PDCD1L2 PDL2
666,other,CD243,ABCB1 MDR1 PGY1
667,other,CD325,CDH2 CDHN NCAD
668,other,CD324,CDH1 CDHE UVO
669,other,CD307d,FCRL4 FCRH4 IFGP2 IRTA1
670,other,CD42b,GP1BA
671,other,CD42b,GP1BB
672,other,CD115,CSF1R FMS
673,other,CD117,KIT SCFR
674,other,XCR1,XCR1 CCXCR1 GPR5
675,other,CD112,PVRIG C7orf15
676,other,CD112,NECTIN2 HVEB PRR2 PVRL2
677,other,MERTK,MERTK MER
678,other,B7-H4,VTCN1 B7H4 UNQ659/PRO1291
679,other,CLEC2,CLEC1B CLEC2 UNQ721/PRO1384
680,other,CD47,CD47 MER6
681,other,CD46,CD46 MCP MIC10
682,other,CD41,ITGA2B GP2B ITGAB
683,other,CD40,CD40 TNFRSF5
684,other,CD40,CD40LG CD40L TNFSF5 TRAP
685,other,CD40,TRAF3 CAP-1 CRAF1 TRAFAMN
686,other,CD338,ABCG2 ABCP BCRP BCRP1 MXR
687,other,CD235a,GYPA GPA MNS
688,other,CD119,IFNGR1
689,other,CD169,SIGLEC1 SN
690,other,CD163,CD163 M130
691,other,CD163,CD163L1 CD163B M160 UNQ6434/PRO23202
693,other,CD164,CD164
694,other,CD164,CD164L2 UNQ6122/PRO20044
696,other,CD144,CDH5
697,other,CD202b,TEK TIE2 VMCM VMCM1
698,DC,CD39,ENTPD1 CD39
699,DC,CD39,ENTPD6 CD39L2 IL6ST2
700,DC,CD39,ENTPD2 CD39L1
701,DC,CD39,ENTPD3 CD39L3
702,DC,CD39,ENTPD5 CD39L4 PCPH
703,DC,CD107a,LAMP1
704,DC,CD62P,SELP GMRP GRMP
705,DC,CD31,PECAM1
706,DC,CD34,CD34
707,DC,CD36,CD36 GP3B GP4
708,DC,CD36,SCARB1 CD36L1 CLA1
709,DC,CD36,SCARB2 CD36L2 LIMP2 LIMPII
711,DC,CD226,CD226 DNAM1
712,DC,CD319,SLAMF7 CS1 UNQ576/PRO1138
713,DC,CD29,ITGB1 FNRB MDF2 MSK12
716,DC,CD22,CD22 SIGLEC2
717,DC,CD141,THBD THRM
718,DC,CD303,CLEC4C BDCA2 CLECSF11 CLECSF7 DLEC HECL UNQ9361/PRO34150
719,DC,CLEC12A,CLEC12A CLL1 DCAL2 KLRL1 MICL
722,DC,CD209,CD209 CLEC4L
723,DC,CD209,CLEC4M CD209L CD209L1 CD299
724,DC,CD155,PVR PVS
725,DC,CD205,LY75 CD205 CLEC13B
726,DC,CD206,MRC1 CLEC13D CLEC13DL MRC1L1
727,DC,CD1d,CD1D
728,DC,CD1c,CD1C
729,DC,CD366,HAVCR2 TIM3 TIMD3
730,DC,CD49d,ITGA4 CD49D
731,DC,LOX-1,ALOX15 LOG15
732,DC,LOX-1,OLR1 CLEC8A LOX1
733,DC,TIM-4,TIMD4 TIM4
734,DC,CD98,SLC3A2 MDU1
735,DC,CD98,SLC7A5 CD98LC LAT1 MPE16
738,DC,CD126,IL6R
739,DC,CD123,IL3RA IL3R
740,DC,CD271,NGFR TNFRSF16
741,DC,CD272,BTLA
742,DC,CD13,ANPEP APN CD13 PEPN
743,DC,CD267,TNFRSF13B TACI
744,DC,CD200,CD200 MOX1 MOX2 My033
745,DC,CD200,CD200R1 CD200R CRTR2 MOX2R OX2R UNQ2522/PRO6015
746,DC,CD200,CD200R1L CD200R2
748,DC,CD18,ITGB2 CD18 MFI7
749,DC,CD194,CCR4 CMKBR4
750,DC,CD71,TFRC
751,DC,CD72,CD72
753,DC,CD177,CD177 NB1 PRV1 UNQ595/PRO1181
754,DC,CD301,CLEC10A CLECSF13 CLECSF14 HML
755,DC,CD305,LAIR1 CD305
756,DC,CD304,NRP1 NRP VEGF165R
757,DC,CD85g,LILRA4 ILT7
758,DC,CD110,MPL TPOR
759,DC,CD9,CD9 MIC3 TSPAN29 GIG2
760,DC,CD9,PTGFRN CD9P1 EWIF FPRP KIAA1436
761,DC,HLA-DR,ANP32B APRIL PHAPI2
762,DC,HLA-DR,SET
763,DC,HLA-DR,CD74 DHLAG
764,DC,HLA-DR,ANP32A C15orf1 LANP MAPM PHAP1
765,DC,CD135,FLT3 CD135 FLK2 STK1
766,DC,CD61,ITGB3 GP3A
767,DC,CD192,CCR2 CMKBR2
768,DC,TSLPR,CRLF2 CRL2 ILXR TSLPR
769,DC,CD86,CD86 CD28LG2
770,DC,Notch-1,NOTCH1 TAN1
771,DC,Notch-2,NOTCH2
773,DC,CD49b,ITGA2 CD49B
774,DC,CD64,FCGR1A FCG1 FCGR1 IGFR1
775,DC,CD63,CD63 MLA1 TSPAN30
777,DC,CD69,CD69 CLEC2C
779,DC,CD184,CXCR4
780,DC,CD103,ITGAE
781,DC,CD102,ICAM2
782,DC,CD106,VCAM1
783,DC,CD109,CD109 CPAMD7
785,DC,CD195,CCR5 CMKBR5
786,DC,CD54,ICAM1
787,DC,CD99,CD99 MIC2 MIC2X MIC2Y
788,DC,CD99,CD99L2 MIC2L1 UNQ1964/PRO4486
789,DC,CD59,CD59 MIC11 MIN1 MIN2 MIN3 MSK21
790,DC,CD93,CD93 C1QR1 MXRA4
791,DC,CD244,CD244 2B4
792,DC,CD324,CDH1 CDHE UVO
793,DC,CD307e,FCRL5 FCRH5 IRTA2 UNQ503/PRO820
794,DC,CD172a,SIRPA BIT MFR MYD1 PTPNS1 SHPS1 SIRP
795,DC,CD42b,GP1BA
796,DC,CD42b,GP1BB
797,DC,CD117,KIT SCFR
798,DC,CD112,PVRIG C7orf15
799,DC,CD112,NECTIN2 HVEB PRR2 PVRL2
800,DC,CLEC2,CLEC1B CLEC2 UNQ721/PRO1384
801,DC,CD47,CD47 MER6
802,DC,CD41,ITGA2B GP2B ITGAB
803,DC,CD43,SPN CD43
804,DC,CD235a,GYPA GPA MNS
805,DC,CD119,IFNGR1
806,DC,CD169,SIGLEC1 SN
807,DC,CD163,CD163 M130
808,DC,CD163,CD163L1 CD163B M160 UNQ6434/PRO23202
809,DC,CD164,CD164
810,DC,CD164,CD164L2 UNQ6122/PRO20044
811,DC,CD11c,ITGAX CD11C
